,response_latest_time,post_title,post_url,author_name,author_url,response_count,possible_price,addr_coords,addr_name,transit_minutes
307,2022-03-06 15:52:00,17å¹³å¤§ä¸»å§ï¼Œåå·çº¿äº®é©¬æ¡¥åœ°é“ç«™é™„è¿‘ï¼Œäº®é©¬æ²³å¤§ä½¿é¦†åŒºå†…ï¼Œ3900é•¿ç§Ÿ,https://www.douban.com/group/topic/261678177/,è·¯ä»ç™½Pray,https://www.douban.com/people/160972072/,5,3900.0,"116.461794,39.949415",åŒ—äº¬å¸‚æœé˜³åŒºéº¦å­åº—è¡—é“äº®é©¬æ¡¥(åœ°é“ç«™)ç‡•èå‹è°Šå•†åŸ,9.0
59,2022-03-09 19:02:00,å¤ªé˜³å®«åŠå²›å›½é™…å…¬å¯“ä¸¤å±…å®¤ä¸»å§å‡ºç§Ÿ,https://www.douban.com/group/topic/261924941/,swallow,https://www.douban.com/people/91803071/,0,,"116.450758,39.971128",åŒ—äº¬å¸‚æœé˜³åŒºå¤ªé˜³å®«ä¹¡ç‘æ€å­¦ç§‘è‹±è¯­åŠå²›å›½é™…å…¬å¯“,17.0
798,2022-03-07 17:38:00,å‘¼å®¶æ¥¼åœ°é“5åˆ†é’Ÿï¼Œæ¬¡å§å‡ºç§Ÿ,https://www.douban.com/group/topic/261766253/,ä»¤ç‹å†²,https://www.douban.com/people/172694615/,9,,"116.460868,39.920893",åŒ—äº¬å¸‚æœé˜³åŒºå‘¼å®¶æ¥¼è¡—é“é€”è¥¿æ•™è‚²åŒ—äº¬ç‘°ä¸½é…’åº—,19.0
327,2022-03-05 14:33:00,ç§Ÿæˆ¿10å·çº¿å¤ªé˜³å®«ï¼Œä»¥ä¸‹ä¸¤ç§æƒ…å†µéƒ½å¯ä»¥ç§Ÿ,https://www.douban.com/group/topic/261596469/,ğŸ­,https://www.douban.com/people/235982979/,4,,"116.439588,39.972991",åŒ—äº¬å¸‚æœé˜³åŒºå¤ªé˜³å®«ä¹¡åœ£é¦¨å®¶å›­,22.0
119,2022-03-09 15:17:00,6å·çº¿ç‰©èµ„å­¦é™¢åœ°é“ç«™ï¼Œç²¾è£…2å±…ã€‚å¤å¼å¸¦é˜æ¥¼ï¼Œå¯å½“å°3å±…ï¼Œ4800ï¼Œéšæ—¶çœ‹æˆ¿å…¥ä½ã€‚,https://www.douban.com/group/topic/261909000/,2774936273,https://www.douban.com/people/239640620/,1,4800.0,"116.478430,39.922815",åŒ—äº¬å¸‚æœé˜³åŒºå…­é‡Œå±¯è¡—é“æœé˜³åŒ—è·¯åŒ—äº¬åå¾·çœ¼ç§‘åŒ»é™¢,22.0
563,2022-03-08 12:55:00,å›½è´¸é‡‘å°å¤•ç…§åŒåœ°é“èµ°è·¯10åˆ†é’Ÿï¼Œä¸­å›½å°Šæ¥¼ä¸‹ä¸»å§ç‹¬å«å‡ºç§Ÿã€‚,https://www.douban.com/group/topic/261823402/,è±†å‹220953966,https://www.douban.com/people/220953966/,0,,"116.459796,39.915448",åŒ—äº¬å¸‚æœé˜³åŒºå‘¼å®¶æ¥¼è¡—é“é‡‘å°å¤•ç…§åŒ—äº¬è´¢å¯Œä¸­å¿ƒ,22.0
79,2022-03-09 17:17:00,ã€åœ°ç†ä½ç½®ã€‘æˆ¿ä¸œç›´ç§Ÿ_5å·çº¿æƒ æ–°è¥¿è¡—å—å£ 5/10å·çº¿_æƒ æ–°è¥¿è¡—33å·é™¢_æœå—ä¸»å§_  æ­¥è¡Œåœ°é“5åˆ†é’Ÿ,https://www.douban.com/group/topic/261917631/,ğŸ‘‘èµµè¯šğŸ’¸,https://www.douban.com/people/217018966/,0,,"116.416601,39.979153",åŒ—äº¬å¸‚æœé˜³åŒºå°å…³è¡—é“æƒ æ–°è¥¿è¡—33å·é™¢,23.0
786,2022-03-07 18:13:00,13å·å…‰ç†™é—¨åœ°é“ç«™æ—ä¸¤å®¤ä¸€å…ï¼Œæ­¥è¡Œ5åˆ†é’Ÿåˆ°å¤§ä¼—å’Œå­—èŠ‚è·³åŠ¨ï¼Œä¸‰ç¯è¾¹æ²³æ™¯æˆ¿,https://www.douban.com/group/topic/261768645/,LudaC,https://www.douban.com/people/IenacaI/,1,,"116.431290,39.969536",åŒ—äº¬å¸‚æœé˜³åŒºå’Œå¹³è¡—è¡—é“åŒ—ä¸‰ç¯ä¸œè·¯,24.0
708,2022-03-07 22:25:00,ï¼»å·²é¢„å®šï¼Œç­¾çº¦åå†åˆ å¸–ï¼½è½¬ç§Ÿä¸‰å…ƒæ¡¥å¼€é—´ï¼Œå’Œæˆ¿ä¸œç­¾,https://www.douban.com/group/topic/261787338/,Dinosaur,https://www.douban.com/people/1351304/,4,,"116.449450,39.962344",åŒ—äº¬å¸‚æœé˜³åŒºå·¦å®¶åº„è¡—é“æ›™å…‰è¥¿é‡Œ,25.0
783,2022-03-07 18:20:00,ä¸‰å…ƒæ¡¥éœå…‰é‡Œä¸ªäººè½¬ç§Ÿ,https://www.douban.com/group/topic/261769066/,å®‰å®‰ di,https://www.douban.com/people/227955599/,9,,"116.449450,39.962344",åŒ—äº¬å¸‚æœé˜³åŒºå·¦å®¶åº„è¡—é“æ›™å…‰è¥¿é‡Œ,25.0
777,2022-03-07 18:34:00,ä¸œäºŒç¯CBDé™„è¿‘ä¸€å±…å®¤,https://www.douban.com/group/topic/261769968/,è¥¿é›¨,https://www.douban.com/people/149012541/,5,,"116.435025,39.942034",åŒ—äº¬å¸‚ä¸œåŸåŒºä¸œç›´é—¨è¡—é“å›½ç››ä¸­å¿ƒèˆªç©ºæœåŠ¡å¤§å¦,25.0
364,2022-03-02 12:53:00,å›½è´¸åœ°é“æ°¸å®‰é‡Œåœ°é“å„äº”åˆ†é’Ÿèµ°è·¯,https://www.douban.com/group/topic/261338125/,è²æ¯”,https://www.douban.com/people/152138240/,9,,"116.451194,39.908031",åŒ—äº¬å¸‚æœé˜³åŒºå»ºå¤–è¡—é“æ°¸å®‰é‡Œåœ°é“ç«™Cå—å£åŒ—äº¬ä¸œé•¿å®‰é¥­åº—,25.0
560,2022-03-08 13:01:00,å›½è´¸åŠ²æ¾ï½œ10å·çº¿åŠ²æ¾ç«™é™„è¿‘æ¬¡å§å‡ºç§Ÿï¼Œæ— ä¸­ä»‹è´¹,https://www.douban.com/group/topic/261823888/,Hi!ç±³æ‹‰,https://www.douban.com/people/21287341/,0,,"116.461582,39.884215",åŒ—äº¬å¸‚æœé˜³åŒºåŠ²æ¾è¡—é“ä¸œä¸‰ç¯å—è·¯è¾…è·¯åŠ²æ¾å¤§å¦,26.0
554,2022-03-08 13:21:00,äº”å·çº¿åœ°é“ï¼åŒ—è‹‘è·¯åŒ—åœ°é“ç«™ï¼,https://www.douban.com/group/topic/261825402/,åŒ—è‹‘å°æ–°,https://www.douban.com/people/248282469/,2,,"116.418089,40.030436",åŒ—äº¬å¸‚æœé˜³åŒºå¥¥è¿æ‘è¡—é“åŒ—è‹‘è·¯åŒ—(åœ°é“ç«™)æ‹‚æ—å›­,26.0
782,2022-03-07 18:20:00,8å·çº¿å®‰åæ¡¥æœå—ä¸»å§è½¬ç§Ÿä¸€æœˆ,https://www.douban.com/group/topic/261769133/,è±†å‹206149820,https://www.douban.com/people/206149820/,0,,"116.394536,39.968475",åŒ—äº¬å¸‚æœé˜³åŒºå®‰è´è¡—é“å®‰åæ¡¥,27.0
795,2022-03-07 17:53:00,é…’ä»™æ¡¥å¤§å±±å­ç¯åšè·¯2å·é™¢ï¼Œä¸»å§ç‹¬å«ï¼Œéšæ—¶å…¥ä½ï¼Œä»·æ ¼3300,https://www.douban.com/group/topic/261767235/,ç§Ÿæˆ¿ç‰¹å·¥é˜Ÿ,https://www.douban.com/people/193874214/,2,3300.0,"116.486722,39.984808",åŒ—äº¬å¸‚æœé˜³åŒºé…’ä»™æ¡¥è¡—é“æµ·ç‹æ˜Ÿè¾°å¥åº·è¯æˆ¿(ä¸ƒæ˜Ÿåç”µç§‘æŠ€é›†å›¢æœ‰é™è´£ä»»å…¬å¸åŒ»é™¢è¥¿å—)å¤§å±±å­åŒ—é‡Œ,27.0
233,2022-03-09 10:59:00,çº¯ä¸ªäººæ‰¾å®¤å‹_2å·çº¿_13å·çº¿_ä¸œç›´é—¨_ä¸»å§_é™å¥³,https://www.douban.com/group/topic/261889792/,è±†åœ¨è·³,https://www.douban.com/people/dorydou/,1,,"116.418802,39.940792",åŒ—äº¬å¸‚ä¸œåŸåŒºåŒ—æ–°æ¡¥è¡—é“ä¸œç›´é—¨å†…å¤§è¡—254å·ç°‹è¡—,28.0
616,2022-03-08 10:21:00,10å·çº¿åŒäº•æœå—ä¸»å§å‡ºç§Ÿï¼Œä»·æ ¼å¯è°ˆ,https://www.douban.com/group/topic/261811608/,wxy,https://www.douban.com/people/242385931/,2,,"116.462683,39.896505",åŒ—äº¬å¸‚æœé˜³åŒºåŒäº•è¡—é“ä¸œç¯18å…¬å¯“,28.0
39,2022-03-09 20:15:00,å…­å·çº¿åœ°é“é’å¹´è·¯ç«™æœé˜³å¤§æ‚¦åŸé™„è¿‘ä¸‰å±…ä¸­æ­£è§„æ¬¡å§å‡ºç§Ÿ,https://www.douban.com/group/topic/261930503/,miamicoool,https://www.douban.com/people/153065214/,2,,"116.518015,39.924294",åŒ—äº¬å¸‚æœé˜³åŒºå¹³æˆ¿ä¹¡æœé˜³å¤§æ‚¦åŸ,28.0
274,2022-03-08 21:47:00,10å·çº¿åŒäº•æœå—ä¸»å§å¸¦é˜³å°å‡ºç§Ÿ,https://www.douban.com/group/topic/261861432/,è±†å‹Kw2Q-cNJTs,https://www.douban.com/people/251745918/,3,,"116.462683,39.896505",åŒ—äº¬å¸‚æœé˜³åŒºåŒäº•è¡—é“ä¸œç¯18å…¬å¯“,28.0
15,2022-03-09 21:33:00,10å·çº¿åŒäº•æœå—ä¸»å§å‡ºç§Ÿï¼Œä»·æ ¼å¯è°ˆ,https://www.douban.com/group/topic/261936696/,å¼ å­æ¿ ,https://www.douban.com/people/249554616/,0,,"116.462683,39.896505",åŒ—äº¬å¸‚æœé˜³åŒºåŒäº•è¡—é“ä¸œç¯18å…¬å¯“,28.0
792,2022-03-07 18:00:00,ä¸ªäººè½¬ç§Ÿ/èŠè¯å±…å¤§ä¸»å§å¸¦é˜³å°,https://www.douban.com/group/topic/261767747/,ì •ğŸ‰,https://www.douban.com/people/160213526/,0,,"116.438214,39.982278",åŒ—äº¬å¸‚æœé˜³åŒºå¤ªé˜³å®«ä¹¡åº”æ€¥ç®¡ç†éƒ¨ä¿¡æ¯ç ”ç©¶é™¢èŠè¯å±…åŒ—åŒº,29.0
474,2022-03-08 17:24:00,å‡ºç§Ÿï½œåˆç§Ÿï¼Œé™å¥³ç”Ÿï¼ŒçŸ¥æ˜¥è·¯,https://www.douban.com/group/topic/261842426/,å•Šéš¾å¤ªå—äº†,https://www.douban.com/people/249034991/,0,,"116.353044,39.977135",åŒ—äº¬å¸‚æµ·æ·€åŒºèŠ±å›­è·¯è¡—é“å­¦é™¢å›½é™…å¤§å¦,29.0
467,2022-03-08 17:52:00,ğŸ‡¨ğŸ‡³20åˆ†é’Ÿç›´è¾¾å›½è´¸  å››æƒ å»ºå›½é—¨  å¤§æœ›è·¯   ä¼ åª’å¤§å­¦  æœå—å¤§ä¸»å§ ç‹¬ç«‹å«ç”Ÿé—´  3000/æœˆ  æ— ä¸­ä»‹è´¹,https://www.douban.com/group/topic/261844160/,å—¯å“ª,https://www.douban.com/people/252064393/,2,3000.0,"116.476390,39.907088",åŒ—äº¬å¸‚æœé˜³åŒºå»ºå¤–è¡—é“ç°ä»£åŸä¸­è·¯,29.0
229,2022-03-09 11:11:00,å’Œå¹³é‡Œ/ä¸¤å±…æ•´ç§Ÿ,https://www.douban.com/group/topic/261890761/,äºŒåå››æ¡¥æ˜æœˆå¤œ,https://www.douban.com/people/248734258/,4,,"116.421522,39.955727",åŒ—äº¬å¸‚ä¸œåŸåŒºå’Œå¹³é‡Œè¡—é“å’Œå¹³é‡Œç¤¾åŒºå’Œå¹³é‡Œäº”åŒº,29.0
196,2022-03-09 12:09:00,å›½è´¸CBD å…‰è¾‰é‡Œå°åŒº è·ç¦»å¤§æœ›è·¯åœ°é“ç«™æ­¥è¡Œ3åˆ†é’Ÿ  æ— ä¸­ä»‹è´¹ ä»…é™å¥³ç”Ÿ,https://www.douban.com/group/topic/261895335/,èœç±½å’Œè°·ç²’,https://www.douban.com/people/141316232/,0,,"116.477927,39.909917",åŒ—äº¬å¸‚æœé˜³åŒºå…«é‡Œåº„è¡—é“è¥¿å¤§æœ›è·¯åŒ—äº¬SKP,29.0
478,2022-03-08 17:11:00,ä¸ªäººå‡ºç§Ÿæœ›äº¬é…’ä»™æ¡¥è§å±é‡Œåˆä½å¥³ç”Ÿæˆ¿å¤§æ¬¡å§é•¿æœŸå‡ºç§Ÿï¼Œ,https://www.douban.com/group/topic/261841484/,è±†å‹å®¶æ—,https://www.douban.com/people/197234829/,5,,"116.490791,39.988998",åŒ—äº¬å¸‚æœé˜³åŒºé…’ä»™æ¡¥è¡—é“è§å±é‡Œè§å±é‡Œå°åŒº,29.0
915,2022-03-07 12:49:00,æ•´ç§Ÿä¸¤åˆ°ä¸‰ä¸ªæœˆï¼Œé¼“æ¥¼å¤§è¡—åœ°é“é™„è¿‘,https://www.douban.com/group/topic/261744790/,ç‹å°ç‹¸,https://www.douban.com/people/89185631/,1,,"116.392857,39.946804",åŒ—äº¬å¸‚è¥¿åŸåŒºä»€åˆ¹æµ·è¡—é“å¤§çŸ³æ¡¥èƒ¡åŒ13å·ç»è´¸å¤§å­¦å®¿èˆ,29.0
0,2022-03-06 11:23:00,ã€å·²ç²¾é€‰ã€ã€‘14å¥—æˆ¿ä¸œå‡ºç§Ÿæˆ¿,https://www.douban.com/group/topic/261658890/,è‰åŸ,https://www.douban.com/people/lcaoyuan/,0,,,,
11,2022-03-09 21:37:00,6å·çº¿åœ°é“400ç±³ï¼Œä¸ªäººç›´ç§Ÿç²¾è£…å¼€é—´ï¼Œç‹¬ç«‹å¨å«ï¼Œå®¶ç”µé½å…¨éšæ—¶çœ‹æˆ¿å…¥ä½,https://www.douban.com/group/topic/261937129/,ç‹é—¯,https://www.douban.com/people/211056941/,0,,,,
32,2022-03-09 20:39:00,æˆ¿ä¸œå‡ºç§Ÿ,https://www.douban.com/group/topic/261932361/,ä¸«ä¸«,https://www.douban.com/people/225892128/,0,,,,
50,2022-03-09 19:31:00,3000+å¸¦é˜³å°,https://www.douban.com/group/topic/261927176/,Açˆ±å®¶ğŸ’ ï½å­™å½¤ğŸ ,https://www.douban.com/people/238716002/,0,3000.0,,,
54,2022-03-09 19:13:00,äººè½¬ç§Ÿæœ›äº¬åœ°é“å£å§å®¤ï¼Œæ— éš”æ–­,https://www.douban.com/group/topic/261925764/,å¹³æ½­å²›,https://www.douban.com/people/50588044/,0,,,,
82,2022-03-09 17:13:00,åœ°é“ç›´è¾¾å›½è´¸ï¼Œç²¾è£…ä¿®ä¸¤å±…å®¤å‡ºç§Ÿï¼Œå—åŒ—é€šé€ï¼Œç©ºé—´å¤Ÿå¤§å…‰çº¿å……è¶³ï¼Œ,https://www.douban.com/group/topic/261917319/,çˆ±æ„éšé£èµ·,https://www.douban.com/people/246615533/,2,,,,
114,2022-03-09 15:29:00,åœ°é“s1å·çº¿æ¬¡å§æ‹›åˆç§Ÿå®¤å‹ï¼Œé™å¥³ç”Ÿï¼Œä¸­ä»‹å‹¿æ‰°,https://www.douban.com/group/topic/261909923/,îŒæ©™å­é…±,https://www.douban.com/people/202619170/,0,,,,
132,2022-03-09 14:41:00,éº»çƒ¦å„ä½å¸®æˆ‘çœ‹ä¸€ä¸‹ï¼Œæ„Ÿè°¢æ„Ÿè°¢å„ä½,https://www.douban.com/group/topic/261906501/,.,https://www.douban.com/people/217633732/,1,,,,
136,2022-03-09 14:33:00,ä¸»å§-å¤§é˜³å°,https://www.douban.com/group/topic/261905876/,Coconut,https://www.douban.com/people/239461768/,0,,,,
139,2022-03-09 14:27:00,æ‰¾ç”·å®¤å‹ï¼Œä¸€èµ·æ•´ç§ŸäºŒå±…å®¤,https://www.douban.com/group/topic/261905346/,Grey,https://www.douban.com/people/156922912/,1,,,,
147,2022-03-09 14:01:00,æˆ¿ä¸œç›´ç§Ÿ åæ ‡æ¬¡æ¸ å— ç²¾è£…å¤§ä¸¤å±…89å¹³æ•´ç§Ÿ å››æœˆåº•å…¥ä½,https://www.douban.com/group/topic/261903465/,è‘¡è„å°ä¸¸å­,https://www.douban.com/people/161259065/,0,,,,
159,2022-03-09 13:29:00,1å·çº¿ï¼Œç›´è¾¾å›½è´¸30åˆ†é’Ÿï¼Œæœå—ï¼Œè¶…å¤§ä¸»å§ç‹¬å«ï¼Œ,https://www.douban.com/group/topic/261900953/,è±†å‹254377036,https://www.douban.com/people/254377036/,1,,,,
169,2022-03-09 13:13:00,ä¸ªäººæˆ¿å±‹è½¬ç§Ÿï¼ï¼ï¼,https://www.douban.com/group/topic/261899733/,æµ®ä¸–æ¸…æ¬¢,https://www.douban.com/people/233770019/,0,,,,
182,2022-03-09 12:34:00,14å·çº¿ï¼Œæ‰¾å®¤å‹ä¸€èµ·ç»­çº¦ï½,https://www.douban.com/group/topic/261896983/,ç¢—ç¢—ç¢—ä¸,https://www.douban.com/people/193757606/,8,,,,
201,2022-03-09 11:57:00,ğŸ˜Œ1å·çº¿ç›´è¾¾å›½è´¸30åˆ†é’Ÿï¼Œæœå—ï¼Œå¤§ä¸»å§ç‹¬å«å¸¦é˜³å°ï¼Œç²¾è£…ä¿®ã€‚æ— ä¸­ä»‹è´¹ï¼ï¼ï¼,https://www.douban.com/group/topic/261894489/,è±†å‹Ysai7_bq04,https://www.douban.com/people/253953555/,1,,,,
203,2022-03-09 11:55:00,ä¸šä¸»ç›´ç­¾/é—¨å¤´æ²Ÿåœ°é“S1å·çº¿ä¸Šå²¸å£ä¸¤å®¤ä¸€å…ä¸¤å«,https://www.douban.com/group/topic/261894384/,æ´ªæ¶›,https://www.douban.com/people/237537666/,0,,,,
215,2022-03-09 11:33:00,æˆ¿ä¸œç›´ç§Ÿæ²™æ²³åŒ—å¤§æ¡¥ä¸¤å®¤ä¸€å…ä¸€å¨ä¸€å«ï¼Œæ•´å¥—3599å…ƒæ¯æœˆæŠ¼ä¸€ä»˜ä¸‰åŒ…ç‰©ä¸šå–æš–ï¼Œç…§ç‰‡æ˜¯æˆ¿é—´å®æ™¯ã€‚,https://www.douban.com/group/topic/261892641/,Lucky girl,https://www.douban.com/people/153222085/,1,3599.0,,,
216,2022-03-09 11:33:00,1å·æ¥¼çº¿ï¼Œä¸¤å®¤ä¸€å…ï¼Œ5400ï¼Œç”µæ¢¯ï¼Œé›†ä¾›æš–ï¼Œæ— ä¸­ä»‹è´¹ã€‚æ³±æ³±åŒ—äº¬ï¼Œç¥ä½ æ—©æ—¥æ‰¾åˆ°å¥½æˆ¿ï¼ï¼ï¼13370130726,https://www.douban.com/group/topic/261892600/,è±†å‹25300995,https://www.douban.com/people/253009956/,0,5400.0,,,
249,2022-03-09 10:37:00,15å·çº¿å·çº¿å—æ³•ä¿¡åœ°é“ï¼Œæ•´ç§Ÿä¸€å±…loftï¼Œæ— ä¸­ä»‹è´¹ï¼Œäº¤é€šä¾¿åˆ©ï¼Œåˆ°åœ°é“600ç±³ï¼Œé€šå‹¤æœ›äº¬æ¥å¹¿è¥èŠ±æ¢¨åï¼Œé…’ä»™æ¡¥ï¼ŒvåŒ18613306343,https://www.douban.com/group/topic/261887879/,æ™“é£,https://www.douban.com/people/241957822/,0,,,,
262,2022-03-09 10:26:00,"åˆç§Ÿå¥³ç”Ÿ å…­å·åœ°é“çº¿ å¸¸è¥ æœå—ä¸»å§
å¯æå‰çœ‹æˆ¿ç•™æˆ¿å¾®ä¿¡13120274959 æ— ä¸­ä»‹è´¹",https://www.douban.com/group/topic/261886969/,DiDiDi,https://www.douban.com/people/226243399/,0,,,,
273,2022-03-08 23:33:00,CBDäºŒæ¥¼è¶…å¤§å—ä¸»å§å¸¦é˜³å°å¸¦å‚¨ç‰©é—´(ä¸­ä»‹å‹¿æ‰°),https://www.douban.com/group/topic/261870056/,Geekyardå‰é›…,https://www.douban.com/people/64269521/,1,,,,
277,2022-03-08 20:35:00,æœ‰æ²¡æœ‰ä¸€èµ·åˆç§Ÿæœ›äº¬ä¸¤å±…å®¤çš„,https://www.douban.com/group/topic/261855720/,ğŸŠæ©™,https://www.douban.com/people/181795323/,3,,,,
284,2022-03-08 08:51:00,å·²å‡º,https://www.douban.com/group/topic/261805816/,å°ä¸«,https://www.douban.com/people/238719246/,0,,,,
291,2022-03-07 14:18:00,è½¬ç§Ÿè‰æˆ¿3100ï¼Œå¤§å¼€é—´ç‹¬å¨ç‹¬å«æ‹åŒ…å…¥ä½,https://www.douban.com/group/topic/261751207/,èµ¤å­,https://www.douban.com/people/w5023888/,1,3100.0,,,
310,2022-03-06 12:03:00,åŒæ¡¥5å·äº•å…¨æ–°é…ç½®å—åŒ—ä¸¤å±…4200å…ƒ/æœˆ,https://www.douban.com/group/topic/261661733/,chenfei,https://www.douban.com/people/193358725/,2,4200.0,,,
351,2022-03-03 13:17:00,1å·çº¿ï¼ŒäºŒå®¤ä¸€å…ï¼Œ5400ï¼Œç”µæ¢¯ï¼Œé›†ä¸­ä¾›æš–ï¼Œæ— ä¸­ä»‹è´¹ã€‚æ³±æ³±åŒ—äº¬ï¼Œç¥ä½ æ—©æ—¥æ‰¾åˆ°å¥½æˆ¿ï¼ï¼ï¼13370130726,https://www.douban.com/group/topic/261424443/,çˆ±34,https://www.douban.com/people/245272620/,13,5400.0,,,
354,2022-03-03 09:33:00,ä¸ªäººç›´ç§Ÿï¼Œå¸¦é˜³å°å¤§ä¸»å§è§’é—¨ä¸œæˆ¿å­,https://www.douban.com/group/topic/261407858/,å”¯AIé™,https://www.douban.com/people/238303420/,11,,,,
357,2022-03-03 08:41:00,1å·æ¥¼çº¿ï¼Œä¸¤å®¤ä¸€å…ï¼Œ5400ï¼Œç”µæ¢¯ï¼Œé›†ä¾›æš–ï¼Œæ— ä¸­ä»‹è´¹ã€‚æ³±æ³±åŒ—äº¬ï¼Œç¥ä½ æ—©æ—¥æ‰¾åˆ°å¥½æˆ¿ï¼ï¼ï¼13370130726,https://www.douban.com/group/topic/261405125/,ä¸‰å°‘,https://www.douban.com/people/253128321/,37,5400.0,,,
362,2022-03-02 16:31:00,6å·çº¿ï¼Œ1å·çº¿ï¼ŒåŒåœ°é“ï¼Œä¸€å®¤ä¸€å…ï¼Œ3100ï¼Œç”µæ¢¯ã€‚è·ç¦»åœ°é“ç«™è¿œç‚¹ã€‚æ³±æ³±åŒ—äº¬ï¼Œç¥ä½ æ—©ç‚¹æ‰¾åˆ°å¥½æˆ¿ï¼,https://www.douban.com/group/topic/261354573/,è±†å‹240976025,https://www.douban.com/people/240976025/,10,3100.0,,,
374,2022-02-28 21:21:00,1å·çº¿ï¼Œç‹¬å«ä¸»å§ï¼Œ3000å…ƒï¼Œç”µæ¢¯ï¼Œé›†ä¸­ä¾›æš–ï¼Œå¯æœˆä»˜ï¼Œæ— ä¸­ä»‹è´¹ã€‚å›½è´¸ç›´è¾¾ï¼Œæ³±æ³±åŒ—äº¬ï¼Œç¥ä½ æ—©æ—¥æ‰¾åˆ°å¿ƒæ„›çš„æˆ¿å­,https://www.douban.com/group/topic/261215336/,æ—å­,https://www.douban.com/people/249373439/,14,3000.0,,,
396,2022-02-25 14:39:00,ğŸ™ğŸ™ğŸ™ä¸ªäººå‡ºç§Ÿ é è°±,https://www.douban.com/group/topic/260953291/,è±†å‹xDh2oevclA,https://www.douban.com/people/253808695/,9,,,,
420,2022-03-08 20:35:00,10å·çº¿åŠ²æ¾åŒäº•åœ°é“ï¼Œåè…¾å›­æ¬¡å§å‡ºç§Ÿï¼Œé™å¥³ç”Ÿæœ‰æ„å‘è€…è”ç³»13920751098(å¾®ä¿¡åŒå·),https://www.douban.com/group/topic/261855732/,sunny,https://www.douban.com/people/119185316/,0,,,,
421,2022-03-08 20:35:00,æœ‰æ²¡æœ‰ä¸€èµ·åˆç§Ÿæœ›äº¬ä¸¤å±…å®¤çš„,https://www.douban.com/group/topic/261855720/,ğŸŠæ©™,https://www.douban.com/people/181795323/,3,,,,
429,2022-03-08 19:47:00,ä½›ç³»æ‰¾å®¤å‹ï¼Œäº”æœˆåå…¥ä½,https://www.douban.com/group/topic/261852252/,ç§‹æ°´æ‚ æ‚ å¤æ—¥èŒ¶,https://www.douban.com/people/61337241/,5,,,,
432,2022-03-08 19:38:00,éä¸­ä»‹10å·çº¿å¥å¾·é—¨é™„è¿‘å•é—´è½¬ç§Ÿå¥³ç”Ÿä¼˜å…ˆ,https://www.douban.com/group/topic/261851626/,æ‰¬å¸†å¯èˆª,https://www.douban.com/people/254462385/,0,,,,
448,2022-03-08 18:44:00,åœ°é“3åˆ†é’Ÿ ç²¾è£…ä¸¤å±…å®¤,https://www.douban.com/group/topic/261847655/,çœ‹æµ·,https://www.douban.com/people/254229370/,8,,,,
470,2022-03-08 17:35:00,ä¸ªäººæ€¥è½¬ç§Ÿ,https://www.douban.com/group/topic/261843077/,çˆ±ç¬‘çš„å°äºŒå“ˆ,https://www.douban.com/people/248442917/,1,,,,
508,2022-03-08 15:31:00,çŸ­æœŸå‡ºç§Ÿæœ›äº¬æƒ è°·æ—¶ç©ºå¤§ä¸¤å±…ä¸­ä¸»å§æˆ–æ¬¡å§,https://www.douban.com/group/topic/261834419/,ç¦…æ„š,https://www.douban.com/people/200975599/,4,,,,
513,2022-03-08 15:17:00,åœ°é“6å·çº¿ï¼Œå‡ºè¡Œæ–¹ä¾¿ï¼ï¼ï¼,https://www.douban.com/group/topic/261833414/,æ›¼å“ˆå°¼æ²ˆæ†”æ‚´,https://www.douban.com/people/201435977/,0,,,,
529,2022-03-08 14:30:00,ä¸ªäººè½¬ç§Ÿ ä¸‰æœˆåº•å¯å…¥ä½,https://www.douban.com/group/topic/261830231/,ä¸è¦æ‰¾åˆ°æˆ‘lili,https://www.douban.com/people/cxl1998513/,4,,,,
567,2022-03-08 12:36:00,ä¸»å§æ¬¡å§è½¬ç§Ÿï¼ï¼ï¼,https://www.douban.com/group/topic/261822071/,å˜å˜å˜,https://www.douban.com/people/254101642/,0,,,,
602,2022-03-08 10:59:00,ä¸ªäººè½¬ç§Ÿï¼Œä¸‰æˆ¿ä¸€å…çš„ä¸»å§,https://www.douban.com/group/topic/261814811/,å’¸é±¼ç¿»èº«,https://www.douban.com/people/88728478/,0,,,,
607,2022-03-08 10:48:00,å¯»æˆ¿ä¸œç›´ç§Ÿ~åŒ—äº¬è¥¿ä¸‰å››äº”ç¯é™„è¿‘ç‹¬ç«‹å«æµ´å…¬å¯“æˆ–ä¸€å±…~ç¯å¢ƒå¥½å¯â€œé•¿ä½+å¹´ä»˜â€,https://www.douban.com/group/topic/261813830/,ly3088795,https://www.douban.com/people/138392304/,1,,,,
612,2022-03-08 10:38:00,å…¨é€šå·æ‰€æœ‰æˆ¿æºæ— ä¸­ä»‹è´¹ï¼Œ4000å¤šå¥—,https://www.douban.com/group/topic/261813016/,å…”å…”å­åƒè‚‰è‚‰,https://www.douban.com/people/247464945/,5,4000.0,,,
623,2022-03-08 10:06:00,"æ²¡æœ‰ä¸­ä»‹è´¹ æœåŠ¡è´¹
åœ°é“çº¿è·¯ï¼šç«‹æ°´æ¡¥  åŒ—è‹‘  ç«‹æ°´æ¡¥å— åŒ—è‹‘è·¯åŒ— æ…§æ–°è¥¿è¡—å—åŒ—å£   å®‰è´é—¨ å¤§å±¯è·¯ä¸œ  èŠè¯å±…  æœ›äº¬ å‡æœ‰æˆ¿æº",https://www.douban.com/group/topic/261810515/,2539,https://www.douban.com/people/251532447/,0,,,,
659,2022-03-08 08:51:00,å·²å‡º,https://www.douban.com/group/topic/261805816/,å°ä¸«,https://www.douban.com/people/238719246/,0,,,,
685,2022-03-07 23:38:00,æœ—æˆ¿å›­ï¼Œå°åŒºï¼Œä¸€å±…å®¤2800/ğŸˆ·ï¸ åŒ…ç‰©ä¸šå–æš–ç²¾è£…ä¿®    ä¸¤å±…å®¤3800/ğŸˆ·ï¸,https://www.douban.com/group/topic/261793466/,æ©˜å­é‡åˆ°æ±½æ°´,https://www.douban.com/people/217229362/,0,3300.0,,,
707,2022-03-07 22:27:00,åˆç§Ÿï¼Œæ‰¾å®¤å‹ï¼Œ7å·çº¿æ²¿çº¿,https://www.douban.com/group/topic/261787518/,çŒ«deè–›å®šè°”,https://www.douban.com/people/225379952/,0,,,,
724,2022-03-07 21:45:00,çº¯ä¸ªäººï¼Œé²èƒ½ï¼Œç¾é«˜æ¢…å…¬å¯“,https://www.douban.com/group/topic/261783953/,ç¬‘ç¬‘,https://www.douban.com/people/169299859/,0,,,,
736,2022-03-07 21:04:00,ä¸ªäººè½¬ç§Ÿ1å·çº¿,https://www.douban.com/group/topic/261780734/,é˜¿å®â€”n,https://www.douban.com/people/248343443/,0,,,,
776,2022-03-07 18:38:00,ä¸ªäººè½¬ç§Ÿ6å·çº¿ç‰©èµ„ç‹¬å«,https://www.douban.com/group/topic/261770253/,yyyyyyyyy_,https://www.douban.com/people/227860928/,0,,,,
791,2022-03-07 18:00:00,æ€¥è½¬ç§Ÿï¼åœ°é“6å·çº¿æ­¥è¡Œ3åˆ†é’Ÿï¼Œä¸¤å±…å®¤æ•´ç§Ÿ,https://www.douban.com/group/topic/261767798/,å¹æ¯›æ±‚ç–µçš„æ‡’è™«,https://www.douban.com/people/200843493/,1,,,,
800,2022-03-07 17:31:00,æ‹›ç§Ÿ çº¯ä¸ªäºº å…«é‡Œæ¡¥ å…«é€šçº¿ æ— ä¸­ä»‹è´¹ã€‚ä¸»å§æœå—,https://www.douban.com/group/topic/261765731/,Amy,https://www.douban.com/people/239705838/,1,,,,
809,2022-03-07 17:03:00,å…­å·çº¿ ä¸¤å®¶åˆç§Ÿå¦å¤–ä¸€å®¶æ˜¯å¥³ç”Ÿ æ— ä¸­ä»‹è´¹æ‰¾å®¤å‹,https://www.douban.com/group/topic/261763638/,å†åƒä¸€å£å§,https://www.douban.com/people/245442302/,0,,,,
826,2022-03-07 16:24:00,ä¸ªäººæ€¥è½¬åœ°é“ç›´è¾¾æœ›äº¬é¡ºä¹‰,https://www.douban.com/group/topic/261760749/,ç†™æ±å¯,https://www.douban.com/people/180441468/,0,,,,
828,2022-03-07 16:18:00,å›½è´¸CBD çº¯ä¸ªäººâ€¼ï¸å¯æŠ¼ä¸€ä»˜ä¸€,https://www.douban.com/group/topic/261760281/,æä½³éœ“,https://www.douban.com/people/146792517/,1,,,,
835,2022-03-07 15:58:00,éœ€è¦å®¤å‹ä¸€æšï¼Œé™å¥³å­©ï¼Œå°†åºœé”¦è‹‘ä¸€å·é™¢,https://www.douban.com/group/topic/261758799/,åå­—å¼„å¾—é‚£ä¹ˆé•¿,https://www.douban.com/people/208483598/,0,,,,
856,2022-03-07 15:09:00,ã€è½¬ç§Ÿã€‘ä¸œç›´é—¨-13å·çº¿-2å·çº¿-å¸¦é˜³å°å¤§ä¸»å§-3500å…ƒ-é™å¥³,https://www.douban.com/group/topic/261755122/,GS,https://www.douban.com/people/55660149/,0,3500.0,,,
875,2022-03-07 14:18:00,è½¬ç§Ÿè‰æˆ¿3100ï¼Œå¤§å¼€é—´ç‹¬å¨ç‹¬å«æ‹åŒ…å…¥ä½,https://www.douban.com/group/topic/261751207/,èµ¤å­,https://www.douban.com/people/w5023888/,1,3100.0,,,
903,2022-03-07 13:21:00,è½¬ç§Ÿ|4å·çº¿æ£å›­äºŒå±…3800,https://www.douban.com/group/topic/261747225/,é»‘å­ä¸æ˜¯é»‘å­,https://www.douban.com/people/174394420/,9,3800.0,[],,
949,2022-03-07 11:32:00,è½¬ç§Ÿ æ— ä¸­ä»‹è´¹ 13å·çº¿/8å·çº¿,https://www.douban.com/group/topic/261739160/,Calk,https://www.douban.com/people/220099272/,0,,,,
951,2022-03-07 11:27:00,15å·çº¿å—æ³•ä¿¡åœ°é“ï¼Œæœ›äº¬ç›´è¾¾ï¼Œæ•´ç§Ÿloftä¸€å±…å®¤3500ï¼Œæ•´ç§Ÿä¸‰å±…å®¤5300ï¼Œæ²¡æœ‰ä¸­ä»‹è´¹!æ¥å¹¿è¥ï¼Œå°†å°ï¼Œé˜œé€šï¼ŒSOHOï¼Œå­™æ²³ï¼Œå›½å±•,https://www.douban.com/group/topic/261738768/,red,https://www.douban.com/people/43779051/,0,4400.0,,,
963,2022-03-07 11:03:00,"å‡ºç§Ÿï¼šæ­£è§„ä¸‰å±…å®¤ä¸»å§æ¬¡å§
åŒºåŸŸï¼šæµ·æ·€åŒºè¥¿äºŒæ——æ™ºå­¦è‹‘å°åŒº",https://www.douban.com/group/topic/261736768/,definity1,https://www.douban.com/people/85528937/,0,,,,
964,2022-03-07 11:00:00,"æ²¡æœ‰ä¸­ä»‹è´¹ æœåŠ¡è´¹
åœ°é“çº¿è·¯ï¼šç«‹æ°´æ¡¥  åŒ—è‹‘  ç«‹æ°´æ¡¥å— åŒ—è‹‘è·¯åŒ— æ…§æ–°è¥¿è¡—å—åŒ—å£   å®‰è´é—¨ å¤§å±¯è·¯ä¸œ  èŠè¯å±…  æœ›äº¬ å‡æœ‰æˆ¿æº",https://www.douban.com/group/topic/261736554/,4798,https://www.douban.com/people/wjr1997/,0,,,,
969,2022-03-07 10:56:00,ä¸ªäºº|æ•´ç§Ÿ|é¦–ç»è´¸æ«æ³½å›­90å¹³å¤§ä¸¤å±…|ä¸¤å®¤ä¸€å…ä¸€å«|10å·çº¿æˆ¿å±±çº¿,https://www.douban.com/group/topic/261736225/,cccyo,https://www.douban.com/people/188486935/,0,,[],,
995,2022-03-07 09:51:00,ä¸ªäººå‡ºç§Ÿ20å¹³åœ°é“å—ç«™æ¬¡å§ï¼Œ200ç±³å°±æ˜¯åœ°é“,https://www.douban.com/group/topic/261731593/,å¼¯å¼¯,https://www.douban.com/people/243483197/,2,,,,
